{"cameraMode":{"drawMode":0,"name":"Shaded","section":"Shading Mode"},"sceneLighting":true,"audioPlay":false,"sceneViewState":{"m_AlwaysRefresh":false,"showFog":true,"showSkybox":true,"showFlares":true,"showImageEffects":true,"showParticleSystems":true,"showVisualEffectGraphs":true,"m_FxEnabled":true},"in2DMode":false,"pivot":{"x":-1.5971076488494874,"y":-0.265455424785614,"z":-5.8944926261901859},"rotation":{"x":0.0025017745792865755,"y":0.9958213567733765,"z":-0.08685819059610367,"w":0.029921161010861398},"size":2.636279821395874,"orthographic":false}