{"cameraMode":{"drawMode":0,"name":"Shaded","section":"Shading Mode"},"sceneLighting":true,"audioPlay":false,"sceneViewState":{"m_AlwaysRefresh":false,"showFog":true,"showSkybox":true,"showFlares":true,"showImageEffects":true,"showParticleSystems":true,"showVisualEffectGraphs":true,"m_FxEnabled":true},"in2DMode":false,"pivot":{"x":1.2743816375732422,"y":0.7219815254211426,"z":4.062494277954102},"rotation":{"x":0.11135995388031006,"y":0.0035706276539713146,"z":-0.0003942069597542286,"w":0.9937785863876343},"size":9.2849760055542,"orthographic":false}