{"cameraMode":{"drawMode":0,"name":"Shaded","section":"Shading Mode"},"sceneLighting":true,"audioPlay":false,"sceneViewState":{"m_AlwaysRefresh":false,"showFog":true,"showSkybox":true,"showFlares":true,"showImageEffects":true,"showParticleSystems":true,"showVisualEffectGraphs":true,"m_FxEnabled":true},"in2DMode":false,"pivot":{"x":0.4418097138404846,"y":0.7897089719772339,"z":-7.828084945678711},"rotation":{"x":0.17163492739200593,"y":0.01684766262769699,"z":-0.0029081280808895828,"w":0.985098123550415},"size":2.4520812034606935,"orthographic":true}